{
  "accuracy": 0.9936666666666667,
  "precision": 0.8688524590163934,
  "recall": 0.828125,
  "f1": 0.848,
  "auc": 0.9981586341961853
}