{
  "accuracy": 0.9963333333333333,
  "precision": 0.8661202185792349,
  "recall": 0.9814241486068112,
  "f1": 0.9201741654571843,
  "auc": 0.994480739118998
}