{
  "accuracy": 0.6241333333333333,
  "precision": 0.7533724978241949,
  "recall": 0.6725912975912975,
  "f1": 0.7106937602627258,
  "auc": 0.6333150769534699
}