{
  "accuracy": 0.9959333333333333,
  "precision": 0.8540540540540541,
  "recall": 0.978328173374613,
  "f1": 0.911976911976912,
  "auc": 0.05278155771619672
}