{
  "accuracy": 0.7012666666666667,
  "precision": 0.718362748779572,
  "recall": 0.929001554001554,
  "f1": 0.8102155774850706,
  "auc": 0.6257580981353303
}