{
  "accuracy": 0.6506666666666666,
  "precision": 0.7492552135054618,
  "recall": 0.7353801169590644,
  "f1": 0.7422528283325135,
  "auc": 0.6193224578675944
}