{
  "accuracy": 0.6873333333333334,
  "precision": 0.6869127516778524,
  "recall": 0.9975633528265108,
  "f1": 0.8135930047694754,
  "auc": 0.6250868762388859
}