{
  "accuracy": 0.6026666666666667,
  "precision": 0.033085194375516956,
  "recall": 0.6349206349206349,
  "f1": 0.06289308176100629,
  "auc": 0.5198804524647221
}