{
  "accuracy": 0.6093333333333333,
  "precision": 0.7653061224489796,
  "recall": 0.620136186770428,
  "f1": 0.6851155292853305,
  "auc": 0.6450923403185385
}