{
  "accuracy": 0.996,
  "precision": 0.8611111111111112,
  "recall": 0.96875,
  "f1": 0.9117647058823529,
  "auc": 0.9986109928474115
}