{
  "accuracy": 0.9956666666666667,
  "precision": 0.8695652173913043,
  "recall": 0.9375,
  "f1": 0.9022556390977443,
  "auc": 0.02230128150544959
}