{
  "accuracy": 0.6846666666666666,
  "precision": 0.6896787423103212,
  "recall": 0.9815175097276264,
  "f1": 0.8101164191087916,
  "auc": 0.6326777661907275
}