{
  "accuracy": 0.996,
  "precision": 0.8642659279778393,
  "recall": 0.9659442724458205,
  "f1": 0.9122807017543859,
  "auc": 0.9962924024890146
}