{
  "accuracy": 0.37666666666666665,
  "precision": 0.04591836734693878,
  "recall": 1.0,
  "f1": 0.08780487804878048,
  "auc": 0.9858724704085529
}