{
  "accuracy": 0.7366666666666667,
  "precision": 0.8628571428571429,
  "recall": 0.7330097087378641,
  "f1": 0.7926509186351706,
  "auc": 0.8065482338359843
}