{
  "accuracy": 0.7633333333333333,
  "precision": 0.7710843373493976,
  "recall": 0.9320388349514563,
  "f1": 0.843956043956044,
  "auc": 0.7078599462920883
}