{
  "accuracy": 0.98,
  "precision": 0.6666666666666666,
  "recall": 0.6666666666666666,
  "f1": 0.6666666666666666,
  "auc": 0.2428407789232531
}