{
  "accuracy": 0.95,
  "precision": 0.1111111111111111,
  "recall": 0.125,
  "f1": 0.11764705882352941,
  "auc": 0.622859589041096
}