{
  "accuracy": 0.5666666666666667,
  "precision": 0.6823529411764706,
  "recall": 0.6041666666666666,
  "f1": 0.6408839779005525,
  "auc": 0.5584008487654322
}