{
  "accuracy": 0.66,
  "precision": 0.6530612244897959,
  "recall": 1.0,
  "f1": 0.7901234567901234,
  "auc": 0.5572193287037036
}