{
  "accuracy": 0.9733333333333334,
  "precision": 0.0,
  "recall": 0.0,
  "f1": 0.0,
  "auc": 0.39212328767123295
}