{
  "accuracy": 0.9946666666666667,
  "precision": 0.8076923076923077,
  "recall": 0.984375,
  "f1": 0.8873239436619719,
  "auc": 0.9986748552452316
}