{
  "accuracy": 0.7193333333333334,
  "precision": 0.8841772151898735,
  "recall": 0.6794747081712063,
  "f1": 0.7684268426842684,
  "auc": 0.8145836081250413
}