{
  "accuracy": 0.7596666666666667,
  "precision": 0.8002699055330634,
  "recall": 0.8652723735408561,
  "f1": 0.8315026875438186,
  "auc": 0.7534994723999208
}