{
  "accuracy": 0.97,
  "precision": 0.5,
  "recall": 0.7777777777777778,
  "f1": 0.6086956521739131,
  "auc": 0.9904543718976709
}