{
  "accuracy": 0.5433333333333333,
  "precision": 0.7254901960784313,
  "recall": 0.5388349514563107,
  "f1": 0.6183844011142061,
  "auc": 0.5677029539351374
}