{
  "accuracy": 0.71,
  "precision": 0.7044673539518901,
  "recall": 0.9951456310679612,
  "f1": 0.8249496981891348,
  "auc": 0.5654565172485024
}