{
  "accuracy": 0.98,
  "precision": 0.7142857142857143,
  "recall": 0.5555555555555556,
  "f1": 0.625,
  "auc": 0.20637647957235583
}