{
  "accuracy": 0.9959333333333333,
  "precision": 0.8659217877094972,
  "recall": 0.9597523219814241,
  "f1": 0.9104258443465492,
  "auc": 0.9953209155412809
}