{
  "accuracy": 0.7291333333333333,
  "precision": 0.8815966695236929,
  "recall": 0.6993006993006993,
  "f1": 0.7799382548881547,
  "auc": 0.8194428855701177
}