{
  "accuracy": 0.7556,
  "precision": 0.7932071466477977,
  "recall": 0.871017871017871,
  "f1": 0.8302934913433941,
  "auc": 0.7555197881648774
}